condition_id,a,c,eta,regime,mode,mean_terminal_psi,std_terminal_psi,sem_terminal_psi,p_ever_unstable,p_ever_unstable_low,p_ever_unstable_high
0,0.15,0.01,0.3058426966292135,boundary,full,0.020217092370777554,0.0036101827899733697,0.00020843400056148789,0.0,0.0,0.012642971224546036
0,0.15,0.01,0.3058426966292135,boundary,memoryless,0.007584616291650578,0.010220594424530252,0.0005900862942280529,0.4866666666666667,0.43063449599449377,0.5430359832381607
0,0.15,0.01,0.3058426966292135,boundary,no_consensus_risk,0.46562803925526214,0.002965043509369737,0.00017118686682935703,0.0,0.0,0.012642971224546036
0,0.15,0.01,0.3058426966292135,boundary,no_crypto_risk,0.14835353538334956,0.0033463799444871933,0.00019320333617604458,0.0,0.0,0.012642971224546036
0,0.15,0.01,0.3058426966292135,boundary,no_cumulative_stress,0.042087069711462186,0.003141895539521988,0.0001813974235508704,0.0,0.0,0.012642971224546036
0,0.15,0.01,0.3058426966292135,boundary,no_operational_cost,0.06357806270883624,0.0034863748842031833,0.0002012859477890658,0.0,0.0,0.012642971224546036
0,0.15,0.01,0.3058426966292135,boundary,no_quantum_risk,0.43543172241781464,0.0024314435428156784,0.0001403794583964009,0.0,0.0,0.012642971224546036
0,0.15,0.01,0.3058426966292135,boundary,no_resilience_reserve,-0.5128999616138813,0.0032250785256737963,0.00018619999549554476,1.0,0.9873570287754538,0.9999999999999998
0,0.15,0.01,0.3058426966292135,boundary,pqc_consensus_only,0.31365275887038335,0.0021510190808596875,0.00012418914453663619,0.0,0.0,0.012642971224546036
0,0.15,0.01,0.3058426966292135,boundary,qkd_only,0.6377774839987335,0.0026791769927761748,0.00015468235579859765,0.0,0.0,0.012642971224546036
0,0.15,0.01,0.3058426966292135,boundary,static_threshold,0.10458700457023114,0.002197995630196484,0.0001269013368771561,0.0,0.0,0.012642971224546036
0,0.15,0.01,0.2658426966292135,buffered,full,0.08799419971145822,0.003457487902528024,0.00019961815712444292,0.0,0.0,0.012642971224546036
0,0.15,0.01,0.2658426966292135,buffered,memoryless,0.07605804646907346,0.0112680435186729,0.0006505607958746216,0.0,0.0,0.012642971224546036
0,0.15,0.01,0.2658426966292135,buffered,no_consensus_risk,0.5335626743632927,0.0026548040243887625,0.00015327518181265537,0.0,0.0,0.012642971224546036
0,0.15,0.01,0.2658426966292135,buffered,no_crypto_risk,0.2087231606451108,0.003253341617667746,0.00018783176587262854,0.0,0.0,0.012642971224546036
0,0.15,0.01,0.2658426966292135,buffered,no_cumulative_stress,0.10846621540821699,0.0033820775360055987,0.00019526433758330184,0.0,0.0,0.012642971224546036
0,0.15,0.01,0.2658426966292135,buffered,no_operational_cost,0.12975998175892536,0.003325591779709159,0.00019200313092298895,0.0,0.0,0.012642971224546036
0,0.15,0.01,0.2658426966292135,buffered,no_quantum_risk,0.4541643898314237,0.002479730560507115,0.00014316731066265243,0.0,0.0,0.012642971224546036
0,0.15,0.01,0.2658426966292135,buffered,no_resilience_reserve,-0.45339382995267347,0.003025152789025041,0.00017465727770833546,1.0,0.9873570287754538,0.9999999999999998
0,0.15,0.01,0.2658426966292135,buffered,pqc_consensus_only,0.3217757571320207,0.0019639669906182256,0.00011338968707129716,0.0,0.0,0.012642971224546036
0,0.15,0.01,0.2658426966292135,buffered,qkd_only,0.6954535437482696,0.002627150128012693,0.00015167858336096878,0.0,0.0,0.012642971224546036
0,0.15,0.01,0.2658426966292135,buffered,static_threshold,0.15416670601059304,0.002312030969623953,0.00013348517026871406,0.0,0.0,0.012642971224546036
0,0.15,0.01,0.32,stressed,full,-0.004531622405685586,0.003318655484366738,0.00019160266372467637,0.8933333333333333,0.8532967116826325,0.9234241509540578
0,0.15,0.01,0.32,stressed,memoryless,-0.017138332398690316,0.011059054942011379,0.000638494834775313,1.0,0.9873570287754538,0.9999999999999998
0,0.15,0.01,0.32,stressed,no_consensus_risk,0.44133251033210474,0.0028099058689486202,0.0001622299909834995,0.0,0.0,0.012642971224546036
0,0.15,0.01,0.32,stressed,no_crypto_risk,0.12688023773195892,0.003344048621043645,0.0001930687371542745,0.0,0.0,0.012642971224546036
0,0.15,0.01,0.32,stressed,no_cumulative_stress,0.017997886769962636,0.0033609000856660515,0.0001940416569178731,0.0,0.0,0.012642971224546036
0,0.15,0.01,0.32,stressed,no_operational_cost,0.0404309251174244,0.0031201065317207543,0.0001801394345989287,0.0,0.0,0.012642971224546036
0,0.15,0.01,0.32,stressed,no_quantum_risk,0.42887977589018333,0.0024444811787173223,0.00014113218665614196,0.0,0.0,0.012642971224546036
0,0.15,0.01,0.32,stressed,no_resilience_reserve,-0.5342939829882333,0.003130318736055078,0.00018072903649107283,1.0,0.9873570287754538,0.9999999999999998
0,0.15,0.01,0.32,stressed,pqc_consensus_only,0.3106505008431652,0.0020143334150031817,0.0001162975939389745,0.0,0.0,0.012642971224546036
0,0.15,0.01,0.32,stressed,qkd_only,0.6173043578341303,0.002808100339574368,0.0001621257486964741,0.0,0.0,0.012642971224546036
0,0.15,0.01,0.32,stressed,static_threshold,0.08703817812829394,0.002265256451395419,0.00013078464219966815,0.0,0.0,0.012642971224546036
1,0.15,0.02,0.2912089455488332,boundary,full,0.019915470425890702,0.0035472872418391066,0.00020480272439687332,0.0,0.0,0.012642971224546036
1,0.15,0.02,0.2912089455488332,boundary,memoryless,0.008435578179518193,0.010837446738050567,0.0006257002791541726,0.5466666666666666,0.49009847513929183,0.6020548475464171
1,0.15,0.02,0.2912089455488332,boundary,no_consensus_risk,0.48585533164329947,0.0028009613727978566,0.0001617135802574586,0.0,0.0,0.012642971224546036
1,0.15,0.02,0.2912089455488332,boundary,no_crypto_risk,0.14541518128748634,0.003282851036407768,0.00018953549295794666,0.0,0.0,0.012642971224546036
1,0.15,0.02,0.2912089455488332,boundary,no_cumulative_stress,0.041643190256839775,0.0034858717510623557,0.0002012568993836363,0.0,0.0,0.012642971224546036
1,0.15,0.02,0.2912089455488332,boundary,no_operational_cost,0.0646022669196695,0.003525792774466542,0.00020356174074450954,0.0,0.0,0.012642971224546036
1,0.15,0.02,0.2912089455488332,boundary,no_quantum_risk,0.4178065501951672,0.0025157746365900937,0.00014524831636557233,0.0,0.0,0.012642971224546036
1,0.15,0.02,0.2912089455488332,boundary,no_resilience_reserve,-0.5133086470595118,0.0033928271487214078,0.00019588496676281752,1.0,0.9873570287754538,0.9999999999999998
1,0.15,0.02,0.2912089455488332,boundary,pqc_consensus_only,0.2961364188092504,0.002070510668374472,0.00011954098917459932,0.0,0.0,0.012642971224546036
1,0.15,0.02,0.2912089455488332,boundary,qkd_only,0.6558996617627108,0.002424226023015625,0.00013996275469645668,0.0,0.0,0.012642971224546036
1,0.15,0.02,0.2912089455488332,boundary,static_threshold,0.12247508943920295,0.0022439444071837996,0.00012955419075341218,0.0,0.0,0.012642971224546036
1,0.15,0.02,0.2512089455488332,buffered,full,0.08782965179526193,0.0034490815854749763,0.00019913281818309585,0.0,0.0,0.012642971224546036
1,0.15,0.02,0.2512089455488332,buffered,memoryless,0.07674286130652601,0.010650371845768605,0.0006148995052124115,0.0,0.0,0.012642971224546036
1,0.15,0.02,0.2512089455488332,buffered,no_consensus_risk,0.5542278355638106,0.002797597099463887,0.00016151934384595913,0.0,0.0,0.012642971224546036
1,0.15,0.02,0.2512089455488332,buffered,no_crypto_risk,0.20538965633653186,0.0032492786343515136,0.0001875971894214946,0.0,0.0,0.012642971224546036
1,0.15,0.02,0.2512089455488332,buffered,no_cumulative_stress,0.10838256507161258,0.0032661005594839653,0.00018856840372184544,0.0,0.0,0.012642971224546036
1,0.15,0.02,0.2512089455488332,buffered,no_operational_cost,0.13036064263339292,0.003561585357031966,0.00020562822646242348,0.0,0.0,0.012642971224546036
1,0.15,0.02,0.2512089455488332,buffered,no_quantum_risk,0.4360793673378141,0.0025163552051233936,0.00014528183550547072,0.0,0.0,0.012642971224546036
1,0.15,0.02,0.2512089455488332,buffered,no_resilience_reserve,-0.453832823014635,0.003183689068347767,0.0001838103740626652,1.0,0.9873570287754538,0.9999999999999998
1,0.15,0.02,0.2512089455488332,buffered,pqc_consensus_only,0.3042836482225748,0.002277495843658989,0.00013149128384147712,0.0,0.0,0.012642971224546036
1,0.15,0.02,0.2512089455488332,buffered,qkd_only,0.7138917116542528,0.0025065810310862828,0.0001447175233043275,0.0,0.0,0.012642971224546036
1,0.15,0.02,0.2512089455488332,buffered,static_threshold,0.17193847297712428,0.0023122782868916334,0.00013349944913782112,0.0,0.0,0.012642971224546036
1,0.15,0.02,0.32,stressed,full,-0.02916118427017069,0.0034960462221371724,0.00020184432274502706,1.0,0.9873570287754538,0.9999999999999998
1,0.15,0.02,0.32,stressed,memoryless,-0.041477422864967854,0.011346118163485654,0.0006550684375945744,1.0,0.9873570287754538,0.9999999999999998
1,0.15,0.02,0.32,stressed,no_consensus_risk,0.4367097037092616,0.002867877541693032,0.0001655769870699354,0.0,0.0,0.012642971224546036
1,0.15,0.02,0.32,stressed,no_crypto_risk,0.10264342268879094,0.003254197304889758,0.00018788116899742563,0.0,0.0,0.012642971224546036
1,0.15,0.02,0.32,stressed,no_cumulative_stress,-0.00621435139514307,0.003442308268380007,0.00019874176053828713,0.9666666666666667,0.9397381741959452,0.9817950526611452
1,0.15,0.02,0.32,stressed,no_operational_cost,0.017047032233072416,0.0033406036972804458,0.00019286984438807243,0.0,0.0,0.012642971224546036
1,0.15,0.02,0.32,stressed,no_quantum_risk,0.4042323784473475,0.0025041121323968315,0.00014457498137203183,0.0,0.0,0.012642971224546036
1,0.15,0.02,0.32,stressed,no_resilience_reserve,-0.5566227550795041,0.00331627178290169,0.00019146504065642507,1.0,0.9873570287754538,0.9999999999999998
1,0.15,0.02,0.32,stressed,pqc_consensus_only,0.2900915611153954,0.00210291465246422,0.00012141183406830255,0.0,0.0,0.012642971224546036
1,0.15,0.02,0.32,stressed,qkd_only,0.6143625912419116,0.0028587907853638342,0.00016505236294866313,0.0,0.0,0.012642971224546036
1,0.15,0.02,0.32,stressed,static_threshold,0.08680243084419656,0.0023330370116289357,0.0001346979546693326,0.0,0.0,0.012642971224546036
2,0.15,0.03,0.27653707865168536,boundary,full,0.019987099824931052,0.0033580954511609478,0.0001938797312692231,0.0,0.0,0.012642971224546036
2,0.15,0.03,0.27653707865168536,boundary,memoryless,0.006923404775960831,0.01154275272555811,0.000666421139329026,0.55,0.4934256045239535,0.6053100983535921
2,0.15,0.03,0.27653707865168536,boundary,no_consensus_risk,0.5065060752211171,0.0028932724510405453,0.00016704316284471871,0.0,0.0,0.012642971224546036
2,0.15,0.03,0.27653707865168536,boundary,no_crypto_risk,0.1426568814905256,0.003324608316872992,0.00019194635066966902,0.0,0.0,0.012642971224546036
2,0.15,0.03,0.27653707865168536,boundary,no_cumulative_stress,0.041716162959715544,0.0033055025121847786,0.0001908432765216866,0.0,0.0,0.012642971224546036
2,0.15,0.03,0.27653707865168536,boundary,no_operational_cost,0.06561007124785867,0.0032543861989473856,0.0001878920748009276,0.0,0.0,0.012642971224546036
2,0.15,0.03,0.27653707865168536,boundary,no_quantum_risk,0.39946067464841095,0.0024080609494869345,0.00013902946374113071,0.0,0.0,0.012642971224546036
2,0.15,0.03,0.27653707865168536,boundary,no_resilience_reserve,-0.5140688064294975,0.003180732912436102,0.00018363970032152856,1.0,0.9873570287754538,0.9999999999999998
2,0.15,0.03,0.27653707865168536,boundary,pqc_consensus_only,0.27888599130036257,0.002197980889152743,0.0001269004858025989,0.0,0.0,0.012642971224546036
2,0.15,0.03,0.27653707865168536,boundary,qkd_only,0.6743055325727209,0.0024918336545321,0.00014386608312198768,0.0,0.0,0.012642971224546036
2,0.15,0.03,0.27653707865168536,boundary,static_threshold,0.14028311392631737,0.0023931829636060207,0.00013817048282579623,0.0,0.0,0.012642971224546036
2,0.15,0.03,0.23653707865168536,buffered,full,0.08795775274639062,0.0035036530471137706,0.00020228350298981878,0.0,0.0,0.012642971224546036
2,0.15,0.03,0.23653707865168536,buffered,memoryless,0.07580067930894892,0.01025911673153549,0.0005923103806599808,0.0,0.0,0.012642971224546036
2,0.15,0.03,0.23653707865168536,buffered,no_consensus_risk,0.574621125767364,0.002851670922746324,0.00016464129748878186,0.0,0.0,0.012642971224546036
2,0.15,0.03,0.23653707865168536,buffered,no_crypto_risk,0.20240299808300147,0.0033265980946846517,0.00019206123054518796,0.0,0.0,0.012642971224546036
2,0.15,0.03,0.23653707865168536,buffered,no_cumulative_stress,0.10838891083852749,0.0034553749637203698,0.00019949616654550486,0.0,0.0,0.012642971224546036
2,0.15,0.03,0.23653707865168536,buffered,no_operational_cost,0.13157941258257574,0.003124596655437541,0.00018039867201258684,0.0,0.0,0.012642971224546036
2,0.15,0.03,0.23653707865168536,buffered,no_quantum_risk,0.4186060280503567,0.0027088307766520324,0.00015639441780891937,0.0,0.0,0.012642971224546036
2,0.15,0.03,0.23653707865168536,buffered,no_resilience_reserve,-0.45395002449708766,0.003274144788453867,0.00018903283749796502,1.0,0.9873570287754538,0.9999999999999998
2,0.15,0.03,0.23653707865168536,buffered,pqc_consensus_only,0.28687334856280966,0.0020060036913918757,0.00011581667712204823,0.0,0.0,0.012642971224546036
2,0.15,0.03,0.23653707865168536,buffered,qkd_only,0.7320056416711144,0.0025410493133186988,0.00014670755050686643,0.0,0.0,0.012642971224546036
2,0.15,0.03,0.23653707865168536,buffered,static_threshold,0.18994821492725428,0.002329120117897359,0.0001344718127043013,0.0,0.0,0.012642971224546036
2,0.15,0.03,0.31653707865168534,stressed,full,-0.0481318711557908,0.0035223592342694884,0.00020336350520880532,1.0,0.9873570287754538,0.9999999999999998
2,0.15,0.03,0.31653707865168534,stressed,memoryless,-0.06026542685205123,0.010632768582547707,0.0006138831803364914,1.0,0.9873570287754538,0.9999999999999998
2,0.15,0.03,0.31653707865168534,stressed,no_consensus_risk,0.43810498540268694,0.00281770483049745,0.00016268026423846114,0.0,0.0,0.012642971224546036
2,0.15,0.03,0.31653707865168534,stressed,no_crypto_risk,0.08234512977084518,0.0031773614266712193,0.00018344504750013617,0.0,0.0,0.012642971224546036
2,0.15,0.03,0.31653707865168534,stressed,no_cumulative_stress,-0.024504251214274336,0.0032665655306047398,0.0001885952488420199,1.0,0.9873570287754538,0.9999999999999998
2,0.15,0.03,0.31653707865168534,stressed,no_operational_cost,-0.0002029334515074498,0.0034856823825344645,0.0002012459661865809,0.52,0.4635710820137406,0.5759231991372776
2,0.15,0.03,0.31653707865168534,stressed,no_quantum_risk,0.38129367795071495,0.0025808208301570305,0.00014900376010213549,0.0,0.0,0.012642971224546036
2,0.15,0.03,0.31653707865168534,stressed,no_resilience_reserve,-0.5739585448106557,0.003097650766054152,0.0001788429503636815,1.0,0.9873570287754538,0.9999999999999998
2,0.15,0.03,0.31653707865168534,stressed,pqc_consensus_only,0.27075829830672754,0.0020824513138278326,0.00012023038266127889,0.0,0.0,0.012642971224546036
2,0.15,0.03,0.31653707865168534,stressed,qkd_only,0.6163197478909691,0.0027176356079790694,0.00015690276498260279,0.0,0.0,0.012642971224546036
2,0.15,0.03,0.31653707865168534,stressed,static_threshold,0.09069913916216205,0.00234793208888621,0.00013555792235574136,0.0,0.0,0.012642971224546036
3,0.15,0.05,0.24739446707551815,boundary,full,0.020248192978289066,0.003464183588969653,0.0002000047327613913,0.0,0.0,0.012642971224546036
3,0.15,0.05,0.24739446707551815,boundary,memoryless,0.006735941449905051,0.011770159538570964,0.0006795504777998787,0.55,0.4934256045239535,0.6053100983535921
3,0.15,0.05,0.24739446707551815,boundary,no_consensus_risk,0.5472968554755406,0.0027877881361901965,0.00016095302308730548,0.0,0.0,0.012642971224546036
3,0.15,0.05,0.24739446707551815,boundary,no_crypto_risk,0.1363601705713047,0.003388192829021677,0.00019561740419020247,0.0,0.0,0.012642971224546036
3,0.15,0.05,0.24739446707551815,boundary,no_cumulative_stress,0.041217626244042196,0.003253943585771103,0.00018786652051728023,0.0,0.0,0.012642971224546036
3,0.15,0.05,0.24739446707551815,boundary,no_operational_cost,0.06710382730850686,0.0031449279794567063,0.0001815725015521315,0.0,0.0,0.012642971224546036
3,0.15,0.05,0.24739446707551815,boundary,no_quantum_risk,0.36412392636873153,0.002339327892835871,0.00013506115886515902,0.0,0.0,0.012642971224546036
3,0.15,0.05,0.24739446707551815,boundary,no_resilience_reserve,-0.5146875822446113,0.002901315825886824,0.00016750754730798792,1.0,0.9873570287754538,0.9999999999999998
3,0.15,0.05,0.24739446707551815,boundary,pqc_consensus_only,0.24375246991773641,0.002186340477529955,0.00012622842632420943,0.0,0.0,0.012642971224546036
3,0.15,0.05,0.24739446707551815,boundary,qkd_only,0.7110297585430758,0.002563985545335259,0.0001480317744797621,0.0,0.0,0.012642971224546036
3,0.15,0.05,0.24739446707551815,boundary,static_threshold,0.17584905901985717,0.002383290438705437,0.00013759933763436453,0.0,0.0,0.012642971224546036
3,0.15,0.05,0.20739446707551815,buffered,full,0.08825997813948545,0.0035058970892999177,0.00020241306282584327,0.0,0.0,0.012642971224546036
3,0.15,0.05,0.20739446707551815,buffered,memoryless,0.07540289109590047,0.010713130771551744,0.0006185228934819062,0.0,0.0,0.012642971224546036
3,0.15,0.05,0.20739446707551815,buffered,no_consensus_risk,0.6157047219965895,0.0028914396563541286,0.0001669373463941615,0.0,0.0,0.012642971224546036
3,0.15,0.05,0.20739446707551815,buffered,no_crypto_risk,0.19667341322851678,0.00337784249632117,0.0001950198274531185,0.0,0.0,0.012642971224546036
3,0.15,0.05,0.20739446707551815,buffered,no_cumulative_stress,0.10783186090200578,0.0036346374685791868,0.00020984589208908932,0.0,0.0,0.012642971224546036
3,0.15,0.05,0.20739446707551815,buffered,no_operational_cost,0.1331603785952507,0.0035906650353958645,0.00020730714247555793,0.0,0.0,0.012642971224546036
3,0.15,0.05,0.20739446707551815,buffered,no_quantum_risk,0.38297926254295866,0.0025129207237375353,0.0001450835456302055,0.0,0.0,0.012642971224546036
3,0.15,0.05,0.20739446707551815,buffered,no_resilience_reserve,-0.45490890573596726,0.0030173750354862486,0.00017420822889840421,1.0,0.9873570287754538,0.9999999999999998
3,0.15,0.05,0.20739446707551815,buffered,pqc_consensus_only,0.2518162749633831,0.0021386470350596913,0.00012347484413933077,0.0,0.0,0.012642971224546036
3,0.15,0.05,0.20739446707551815,buffered,qkd_only,0.7688850321366313,0.002526515358636755,0.00014586843224206542,0.0,0.0,0.012642971224546036
3,0.15,0.05,0.20739446707551815,buffered,static_threshold,0.2254270464244858,0.002319111226381019,0.00013389394908317644,0.0,0.0,0.012642971224546036
3,0.15,0.05,0.28739446707551813,stressed,full,-0.04804411488645303,0.003597550210928366,0.0002077046582702687,1.0,0.9873570287754538,0.9999999999999998
3,0.15,0.05,0.28739446707551813,stressed,memoryless,-0.060096996785998856,0.010678774986648864,0.0006165393613157163,1.0,0.9873570287754538,0.9999999999999998
3,0.15,0.05,0.28739446707551813,stressed,no_consensus_risk,0.47920729086105135,0.0027492866961379924,0.00015873014140947267,0.0,0.0,0.012642971224546036
3,0.15,0.05,0.28739446707551813,stressed,no_crypto_risk,0.07679897152989955,0.003451243337780736,0.00019925762701066105,0.0,0.0,0.012642971224546036
3,0.15,0.05,0.28739446707551813,stressed,no_cumulative_stress,-0.025534094719688916,0.0033840066459279246,0.00019537571479659696,1.0,0.9873570287754538,0.9999999999999998
3,0.15,0.05,0.28739446707551813,stressed,no_operational_cost,0.0008392128223398748,0.0030504577055495636,0.00017611825774506085,0.41333333333333333,0.3590487301690917,0.46980938484316287
3,0.15,0.05,0.28739446707551813,stressed,no_quantum_risk,0.3454444743431718,0.0026166149347088765,0.00015107033369197648,0.0,0.0,0.012642971224546036
3,0.15,0.05,0.28739446707551813,stressed,no_resilience_reserve,-0.5741081205283995,0.003111687644263484,0.00017965336990495546,1.0,0.9873570287754538,0.9999999999999998
3,0.15,0.05,0.28739446707551813,stressed,pqc_consensus_only,0.2357038944746133,0.0021431550055670836,0.00012373511193792495,0.0,0.0,0.012642971224546036
3,0.15,0.05,0.28739446707551813,stressed,qkd_only,0.6529671891214022,0.002551162759116165,0.0001472914505722266,0.0,0.0,0.012642971224546036
3,0.15,0.05,0.28739446707551813,stressed,static_threshold,0.12656476756734594,0.0021824641064853373,0.00012600462393760054,0.0,0.0,0.012642971224546036
4,0.2,0.01,0.22863359824609483,boundary,full,0.019336771397367898,0.0034613070720815936,0.00019983865698142633,0.0,0.0,0.012642971224546036
4,0.2,0.01,0.22863359824609483,boundary,memoryless,0.006409323794023922,0.011106040304451406,0.0006412075359405852,0.5833333333333334,0.5268355964602695,0.6377239083356395
4,0.2,0.01,0.22863359824609483,boundary,no_consensus_risk,0.5547203909267283,0.0030268957414877145,0.00017475790711568638,0.0,0.0,0.012642971224546036
4,0.2,0.01,0.22863359824609483,boundary,no_crypto_risk,0.14894453223421186,0.003334979205932499,0.00019254511422869326,0.0,0.0,0.012642971224546036
4,0.2,0.01,0.22863359824609483,boundary,no_cumulative_stress,0.04021472156074581,0.0033701826146835456,0.00019457758398057416,0.0,0.0,0.012642971224546036
4,0.2,0.01,0.22863359824609483,boundary,no_operational_cost,0.06360903595947512,0.003280860770747237,0.00018942058491646,0.0,0.0,0.012642971224546036
4,0.2,0.01,0.22863359824609483,boundary,no_quantum_risk,0.34117193470361107,0.0025576756038526087,0.00014766746983840422,0.0,0.0,0.012642971224546036
4,0.2,0.01,0.22863359824609483,boundary,no_resilience_reserve,-0.5114504212800193,0.002925171073605192,0.0001688848306771664,1.0,0.9873570287754538,0.9999999999999998
4,0.2,0.01,0.22863359824609483,boundary,pqc_consensus_only,0.22227222739735902,0.0021215833409570146,0.00012248967130097578,0.0,0.0,0.012642971224546036
4,0.2,0.01,0.22863359824609483,boundary,qkd_only,0.7291552642153302,0.0027570893091897223,0.00015918062548405255,0.0,0.0,0.012642971224546036
4,0.2,0.01,0.22863359824609483,boundary,static_threshold,0.19794642822198724,0.0024090671061943996,0.00013908755422572093,0.0,0.0,0.012642971224546036
4,0.2,0.01,0.18863359824609482,buffered,full,0.08749000525337677,0.0032854440833991697,0.00018968520259579738,0.0,0.0,0.012642971224546036
4,0.2,0.01,0.18863359824609482,buffered,memoryless,0.07435062763787648,0.01046724206822579,0.0006043265025763134,0.0,0.0,0.012642971224546036
4,0.2,0.01,0.18863359824609482,buffered,no_consensus_risk,0.6230671930028574,0.0029489340517854824,0.0001702567868620802,0.0,0.0,0.012642971224546036
4,0.2,0.01,0.18863359824609482,buffered,no_crypto_risk,0.20925721248895007,0.0032649483539616913,0.00018850188110500077,0.0,0.0,0.012642971224546036
4,0.2,0.01,0.18863359824609482,buffered,no_cumulative_stress,0.10693896854841997,0.0033084038611684696,0.0001910107859833613,0.0,0.0,0.012642971224546036
4,0.2,0.01,0.18863359824609482,buffered,no_operational_cost,0.12984349916305762,0.0032937812672188416,0.00019016655012805446,0.0,0.0,0.012642971224546036
4,0.2,0.01,0.18863359824609482,buffered,no_quantum_risk,0.3600111592706936,0.0025127910386538613,0.0001450760582584086,0.0,0.0,0.012642971224546036
4,0.2,0.01,0.18863359824609482,buffered,no_resilience_reserve,-0.45186331344159575,0.0030326644629518,0.00017509096440470335,1.0,0.9873570287754538,0.9999999999999998
4,0.2,0.01,0.18863359824609482,buffered,pqc_consensus_only,0.2305599241830681,0.0020575946093799214,0.00011879528016086203,0.0,0.0,0.012642971224546036
4,0.2,0.01,0.18863359824609482,buffered,qkd_only,0.7869995349748782,0.0026723334628441374,0.00015428724441375074,0.0,0.0,0.012642971224546036
4,0.2,0.01,0.18863359824609482,buffered,static_threshold,0.24746670823338437,0.002196641211280439,0.0001268231394645787,0.0,0.0,0.012642971224546036
4,0.2,0.01,0.26863359824609484,stressed,full,-0.04876154759485585,0.0033161412559643464,0.0001914575046801839,1.0,0.9873570287754538,0.9999999999999998
4,0.2,0.01,0.26863359824609484,stressed,memoryless,-0.06088284468872613,0.0107821365206557,0.0006225069422639863,1.0,0.9873570287754538,0.9999999999999998
4,0.2,0.01,0.26863359824609484,stressed,no_consensus_risk,0.48669831459204355,0.0027481666766536674,0.0001586654770543954,0.0,0.0,0.012642971224546036
4,0.2,0.01,0.26863359824609484,stressed,no_crypto_risk,0.08895706277111176,0.003288068149483433,0.00018983670312180945,0.0,0.0,0.012642971224546036
4,0.2,0.01,0.26863359824609484,stressed,no_cumulative_stress,-0.02641446463194269,0.003618072749691349,0.00020888952759819495,1.0,0.9873570287754538,0.9999999999999998
4,0.2,0.01,0.26863359824609484,stressed,no_operational_cost,-0.0019702573071487864,0.0035333446093187325,0.0002039977461329883,0.7033333333333334,0.6493365822398648,0.7521886094621532
4,0.2,0.01,0.26863359824609484,stressed,no_quantum_risk,0.3223975129031163,0.0025962371503431385,0.00014989382176307177,0.0,0.0,0.012642971224546036
4,0.2,0.01,0.26863359824609484,stressed,no_resilience_reserve,-0.5715661313042227,0.002965590330716838,0.00017121843757455176,1.0,0.9873570287754538,0.9999999999999998
4,0.2,0.01,0.26863359824609484,stressed,pqc_consensus_only,0.21415293319428566,0.0022092397976338466,0.00012755051918683356,0.0,0.0,0.012642971224546036
4,0.2,0.01,0.26863359824609484,stressed,qkd_only,0.6709581339924525,0.002677870082461999,0.00015460690129642804,0.0,0.0,0.012642971224546036
4,0.2,0.01,0.26863359824609484,stressed,static_threshold,0.1488881905129265,0.0022441139965526866,0.00012956398200019003,0.0,0.0,0.012642971224546036
5,0.2,0.02,0.21365168539325843,boundary,full,0.020438195182769184,0.0035175307794152668,0.00020308473423781982,0.0,0.0,0.012642971224546036
5,0.2,0.02,0.21365168539325843,boundary,memoryless,0.007574728436377137,0.010686505760201827,0.0006169856977349011,0.5833333333333334,0.5268355964602695,0.6377239083356395
5,0.2,0.02,0.21365168539325843,boundary,no_consensus_risk,0.57588394279925,0.0027604157520474937,0.00015937267775199037,0.0,0.0,0.012642971224546036
5,0.2,0.02,0.21365168539325843,boundary,no_crypto_risk,0.14654653163159,0.0032925380568870006,0.0001900947733460797,0.0,0.0,0.012642971224546036
5,0.2,0.02,0.21365168539325843,boundary,no_cumulative_stress,0.04079639665028826,0.003288200842720666,0.00018984436416943307,0.0,0.0,0.012642971224546036
5,0.2,0.02,0.21365168539325843,boundary,no_operational_cost,0.06536433278129757,0.0034787269131012627,0.00020084439197162098,0.0,0.0,0.012642971224546036
5,0.2,0.02,0.21365168539325843,boundary,no_quantum_risk,0.32342445182976043,0.002442277760276788,0.00014100497223316398,0.0,0.0,0.012642971224546036
5,0.2,0.02,0.21365168539325843,boundary,no_resilience_reserve,-0.5115976246749583,0.002966825888695966,0.00017128977254773664,1.0,0.9873570287754538,0.9999999999999998
5,0.2,0.02,0.21365168539325843,boundary,pqc_consensus_only,0.20501541392558906,0.0020215709301070034,0.00011671545206832004,0.0,0.0,0.012642971224546036
5,0.2,0.02,0.21365168539325843,boundary,qkd_only,0.747922870040926,0.00265920719791203,0.00015352939915455008,0.0,0.0,0.012642971224546036
5,0.2,0.02,0.21365168539325843,boundary,static_threshold,0.21642969142325594,0.0023570291175536054,0.000136083139550736,0.0,0.0,0.012642971224546036
5,0.2,0.02,0.17365168539325843,buffered,full,0.08778194089563593,0.0033513574795940746,0.00019349071429943044,0.0,0.0,0.012642971224546036
5,0.2,0.02,0.17365168539325843,buffered,memoryless,0.07415778590467392,0.010607998267950707,0.0006124530655564424,0.0,0.0,0.012642971224546036
5,0.2,0.02,0.17365168539325843,buffered,no_consensus_risk,0.6440445068932021,0.002772770355241728,0.00016008597109998257,0.0,0.0,0.012642971224546036
5,0.2,0.02,0.17365168539325843,buffered,no_crypto_risk,0.20693620260603562,0.0029870967716680687,0.00017246011252180214,0.0,0.0,0.012642971224546036
5,0.2,0.02,0.17365168539325843,buffered,no_cumulative_stress,0.10711803425272683,0.0031786929660906865,0.00018352192396436278,0.0,0.0,0.012642971224546036
5,0.2,0.02,0.17365168539325843,buffered,no_operational_cost,0.13134811399253937,0.0033960653996453326,0.00019607192726708067,0.0,0.0,0.012642971224546036
5,0.2,0.02,0.17365168539325843,buffered,no_quantum_risk,0.3421260332768638,0.0025417593234483495,0.00014674854296081456,0.0,0.0,0.012642971224546036
5,0.2,0.02,0.17365168539325843,buffered,no_resilience_reserve,-0.45160436906797163,0.0030252353682800807,0.0001746620454238481,1.0,0.9873570287754538,0.9999999999999998
5,0.2,0.02,0.17365168539325843,buffered,pqc_consensus_only,0.21340292042156733,0.00205423877847413,0.00011860153117318069,0.0,0.0,0.012642971224546036
5,0.2,0.02,0.17365168539325843,buffered,qkd_only,0.8056541861484506,0.002737103437749822,0.00015802674065847096,0.0,0.0,0.012642971224546036
5,0.2,0.02,0.17365168539325843,buffered,static_threshold,0.26611217250499936,0.0025207361235979353,0.00014553476795152817,0.0,0.0,0.012642971224546036
5,0.2,0.02,0.25365168539325844,stressed,full,-0.04847423205147099,0.00320302456660515,0.00018492670957504675,1.0,0.9873570287754538,0.9999999999999998
5,0.2,0.02,0.25365168539325844,stressed,memoryless,-0.0604136623736026,0.010822563378200608,0.0006248409879725907,1.0,0.9873570287754538,0.9999999999999998
5,0.2,0.02,0.25365168539325844,stressed,no_consensus_risk,0.5078668834839889,0.002816068992866649,0.0001625858191088118,0.0,0.0,0.012642971224546036
5,0.2,0.02,0.25365168539325844,stressed,no_crypto_risk,0.08657670906928598,0.003347076183935893,0.0001932435335793573,0.0,0.0,0.012642971224546036
5,0.2,0.02,0.25365168539325844,stressed,no_cumulative_stress,-0.02593346789320535,0.003257370498091589,0.0001880643733923524,1.0,0.9873570287754538,0.9999999999999998
5,0.2,0.02,0.25365168539325844,stressed,no_operational_cost,-0.0001208567439203796,0.003507110622386463,0.00020248312619126202,0.53,0.4735002333859323,0.5857411883405951
5,0.2,0.02,0.25365168539325844,stressed,no_quantum_risk,0.3048096655957696,0.0027554635389885045,0.00015908676159772118,0.0,0.0,0.012642971224546036
5,0.2,0.02,0.25365168539325844,stressed,no_resilience_reserve,-0.5710853466113874,0.0030220009867031545,0.00017447530831643808,1.0,0.9873570287754538,0.9999999999999998
5,0.2,0.02,0.25365168539325844,stressed,pqc_consensus_only,0.1969846915265914,0.0019686562771530085,0.00011366042315561358,0.0,0.0,0.012642971224546036
5,0.2,0.02,0.25365168539325844,stressed,qkd_only,0.6901572933822535,0.0026959339861321627,0.00015564982126108648,0.0,0.0,0.012642971224546036
5,0.2,0.02,0.25365168539325844,stressed,static_threshold,0.16700501257909872,0.0022367941360302815,0.00012914136965588594,0.0,0.0,0.012642971224546036
6,0.2,0.03,0.19903833443489757,boundary,full,0.020326845298251957,0.0034181844295522795,0.00019734897005417958,0.0,0.0,0.012642971224546036
6,0.2,0.03,0.19903833443489757,boundary,memoryless,0.007651066695759243,0.010881921170796118,0.0006282680117259426,0.55,0.4934256045239535,0.6053100983535921
6,0.2,0.03,0.19903833443489757,boundary,no_consensus_risk,0.5964100194101054,0.0026996201752141455,0.00015586264348696314,0.0,0.0,0.012642971224546036
6,0.2,0.03,0.19903833443489757,boundary,no_crypto_risk,0.14401935270323157,0.003441095278473486,0.00019867172853338172,0.0,0.0,0.012642971224546036
6,0.2,0.03,0.19903833443489757,boundary,no_cumulative_stress,0.040599983373331976,0.0034802593942913494,0.00020093286981438344,0.0,0.0,0.012642971224546036
6,0.2,0.03,0.19903833443489757,boundary,no_operational_cost,0.06595337875545208,0.0034150866322138038,0.0001971701186414532,0.0,0.0,0.012642971224546036
6,0.2,0.03,0.19903833443489757,boundary,no_quantum_risk,0.305869735531722,0.0024145175202359252,0.0001394022340271279,0.0,0.0,0.012642971224546036
6,0.2,0.03,0.19903833443489757,boundary,no_resilience_reserve,-0.5117234273636552,0.0029698569458044694,0.000171464770711489,1.0,0.9873570287754538,0.9999999999999998
6,0.2,0.03,0.19903833443489757,boundary,pqc_consensus_only,0.18746949450360223,0.0021832482674868357,0.00012604989749413087,0.0,0.0,0.012642971224546036
6,0.2,0.03,0.19903833443489757,boundary,qkd_only,0.7660495280759593,0.0025341833778320722,0.00014631114553672218,0.0,0.0,0.012642971224546036
6,0.2,0.03,0.19903833443489757,boundary,static_threshold,0.234239069289887,0.0022166250825661677,0.00012797690881120532,0.0,0.0,0.012642971224546036
6,0.2,0.03,0.15903833443489757,buffered,full,0.08804865874029003,0.003364215340141219,0.0001942330632242401,0.0,0.0,0.012642971224546036
6,0.2,0.03,0.15903833443489757,buffered,memoryless,0.07460564138682604,0.010811925400908664,0.0006242268040672769,0.0,0.0,0.012642971224546036
6,0.2,0.03,0.15903833443489757,buffered,no_consensus_risk,0.6645442576883277,0.0027078493383252064,0.00015633775444070077,0.0,0.0,0.012642971224546036
6,0.2,0.03,0.15903833443489757,buffered,no_crypto_risk,0.2036758808955195,0.003505560164055865,0.0002023936104378082,0.0,0.0,0.012642971224546036
6,0.2,0.03,0.15903833443489757,buffered,no_cumulative_stress,0.10665347435979955,0.0034774846069199113,0.00020077266739079906,0.0,0.0,0.012642971224546036
6,0.2,0.03,0.15903833443489757,buffered,no_operational_cost,0.13236068465930662,0.0033368913784835655,0.00019265551356240277,0.0,0.0,0.012642971224546036
6,0.2,0.03,0.15903833443489757,buffered,no_quantum_risk,0.3246256544273555,0.002585612873626844,0.000149280428860862,0.0,0.0,0.012642971224546036
6,0.2,0.03,0.15903833443489757,buffered,no_resilience_reserve,-0.4517970619835745,0.003344221913830155,0.00019307874221796852,1.0,0.9873570287754538,0.9999999999999998
6,0.2,0.03,0.15903833443489757,buffered,pqc_consensus_only,0.19541142688108573,0.002246082950624502,0.0001296776596165285,0.0,0.0,0.012642971224546036
6,0.2,0.03,0.15903833443489757,buffered,qkd_only,0.8241015680126315,0.002637574078115883,0.00015228041040077838,0.0,0.0,0.012642971224546036
6,0.2,0.03,0.15903833443489757,buffered,static_threshold,0.28388737261348457,0.0023518527032237715,0.00013578427913005933,0.0,0.0,0.012642971224546036
6,0.2,0.03,0.23903833443489758,stressed,full,-0.04776890662554305,0.003427569577636317,0.00019789082183144992,1.0,0.9873570287754538,0.9999999999999998
6,0.2,0.03,0.23903833443489758,stressed,memoryless,-0.061858786083168,0.010548709145436543,0.0006090300064720854,1.0,0.9873570287754538,0.9999999999999998
6,0.2,0.03,0.23903833443489758,stressed,no_consensus_risk,0.5282250092976917,0.00286267222000159,0.00016527645768195815,0.0,0.0,0.012642971224546036
6,0.2,0.03,0.23903833443489758,stressed,no_crypto_risk,0.08369317399664171,0.003236413123013522,0.00018685439877806943,0.0,0.0,0.012642971224546036
6,0.2,0.03,0.23903833443489758,stressed,no_cumulative_stress,-0.025901533688237645,0.0032226672556162177,0.00018606078075386156,1.0,0.9873570287754538,0.9999999999999998
6,0.2,0.03,0.23903833443489758,stressed,no_operational_cost,0.0001111782734518707,0.0034434588343469426,0.00019880818849536021,0.49333333333333335,0.43720207035328285,0.5496331692630444
6,0.2,0.03,0.23903833443489758,stressed,no_quantum_risk,0.2870760632701817,0.002464567483293952,0.00014229186999157616,0.0,0.0,0.012642971224546036
6,0.2,0.03,0.23903833443489758,stressed,no_resilience_reserve,-0.5716394191669629,0.0033036440112081808,0.0001907359759177738,1.0,0.9873570287754538,0.9999999999999998
6,0.2,0.03,0.23903833443489758,stressed,pqc_consensus_only,0.17950019921312016,0.0021703143299073822,0.00012530315625981293,0.0,0.0,0.012642971224546036
6,0.2,0.03,0.23903833443489758,stressed,qkd_only,0.7084173207000515,0.00261952861013168,0.00015123855482094515,0.0,0.0,0.012642971224546036
6,0.2,0.03,0.23903833443489758,stressed,static_threshold,0.18492819480762138,0.0023563536790767513,0.00013604414309209271,0.0,0.0,0.012642971224546036
7,0.2,0.05,0.1697915434654051,boundary,full,0.020232618851580796,0.003348213977966962,0.0001933092241483693,0.0,0.0,0.012642971224546036
7,0.2,0.05,0.1697915434654051,boundary,memoryless,0.00741026705219775,0.010586452422863057,0.0006112091156103151,0.5133333333333333,0.4569640167618392,0.5693655040055061
7,0.2,0.05,0.1697915434654051,boundary,no_consensus_risk,0.6373350760826978,0.0028501312835185672,0.00016455240637652184,0.0,0.0,0.012642971224546036
7,0.2,0.05,0.1697915434654051,boundary,no_crypto_risk,0.13829468507361148,0.003087708870784962,0.0001782689547726893,0.0,0.0,0.012642971224546036
7,0.2,0.05,0.1697915434654051,boundary,no_cumulative_stress,0.04053336203317727,0.003377999958441557,0.00019502891853287775,0.0,0.0,0.012642971224546036
7,0.2,0.05,0.1697915434654051,boundary,no_operational_cost,0.06783956714069402,0.003259893918443846,0.00018821006313431783,0.0,0.0,0.012642971224546036
7,0.2,0.05,0.1697915434654051,boundary,no_quantum_risk,0.27036715731170813,0.002689002490916916,0.00015524963119824554,0.0,0.0,0.012642971224546036
7,0.2,0.05,0.1697915434654051,boundary,no_resilience_reserve,-0.512532916760415,0.002867472866451881,0.00016555362313399412,1.0,0.9873570287754538,0.9999999999999998
7,0.2,0.05,0.1697915434654051,boundary,pqc_consensus_only,0.15272531262411584,0.0021442512863085288,0.00012379840573604304,0.0,0.0,0.012642971224546036
7,0.2,0.05,0.1697915434654051,boundary,qkd_only,0.8031794674055479,0.0026170525622944995,0.0001510956001324129,0.0,0.0,0.012642971224546036
7,0.2,0.05,0.1697915434654051,boundary,static_threshold,0.2700788715496387,0.0020739432268723486,0.00011973916803187514,0.0,0.0,0.012642971224546036
7,0.2,0.05,0.12979154346540508,buffered,full,0.08844182453356313,0.0031250003875058674,0.00018042198149441973,0.0,0.0,0.012642971224546036
7,0.2,0.05,0.12979154346540508,buffered,memoryless,0.07520945124275506,0.010858420536506205,0.0006269112019726017,0.0,0.0,0.012642971224546036
7,0.2,0.05,0.12979154346540508,buffered,no_consensus_risk,0.7051815493096685,0.0027437308667786135,0.00015840937545185174,0.0,0.0,0.012642971224546036
7,0.2,0.05,0.12979154346540508,buffered,no_crypto_risk,0.19855785960371225,0.0033187829700572426,0.00019161002411444944,0.0,0.0,0.012642971224546036
7,0.2,0.05,0.12979154346540508,buffered,no_cumulative_stress,0.10707632834798379,0.003315766470491902,0.00019143586643084347,0.0,0.0,0.012642971224546036
7,0.2,0.05,0.12979154346540508,buffered,no_operational_cost,0.13359604522974622,0.0037017900066916,0.00021372294568468614,0.0,0.0,0.012642971224546036
7,0.2,0.05,0.12979154346540508,buffered,no_quantum_risk,0.2887727051586392,0.0025730715388994083,0.00014855635456277377,0.0,0.0,0.012642971224546036
7,0.2,0.05,0.12979154346540508,buffered,no_resilience_reserve,-0.45272932417580575,0.0032129263220976785,0.00018549838769495286,1.0,0.9873570287754538,0.9999999999999998
7,0.2,0.05,0.12979154346540508,buffered,pqc_consensus_only,0.1606650554666854,0.0020890334074722544,0.00012061040001502272,0.0,0.0,0.012642971224546036
7,0.2,0.05,0.12979154346540508,buffered,qkd_only,0.860478350431466,0.0026316527253075926,0.00015193854093699507,0.0,0.0,0.012642971224546036
7,0.2,0.05,0.12979154346540508,buffered,static_threshold,0.31962297447865384,0.0023032505797015482,0.00013297823422018504,0.0,0.0,0.012642971224546036
7,0.2,0.05,0.2097915434654051,stressed,full,-0.047659663233485056,0.0033892728541255776,0.00019567975946864933,1.0,0.9873570287754538,0.9999999999999998
7,0.2,0.05,0.2097915434654051,stressed,memoryless,-0.06101040225147192,0.010711228867969188,0.0006184130870273701,1.0,0.9873570287754538,0.9999999999999998
7,0.2,0.05,0.2097915434654051,stressed,no_consensus_risk,0.5692189918220443,0.002873071322872918,0.00016587685016616733,0.0,0.0,0.012642971224546036
7,0.2,0.05,0.2097915434654051,stressed,no_crypto_risk,0.07794861837864903,0.0032824616675903757,0.0001895130127387931,0.0,0.0,0.012642971224546036
7,0.2,0.05,0.2097915434654051,stressed,no_cumulative_stress,-0.026361714713766984,0.0033968925124760758,0.00019611968064862863,1.0,0.9873570287754538,0.9999999999999998
7,0.2,0.05,0.2097915434654051,stressed,no_operational_cost,0.0019082967027304624,0.003436622805230611,0.00019841351017031,0.30333333333333334,0.2540711301237818,0.3575684385578729
7,0.2,0.05,0.2097915434654051,stressed,no_quantum_risk,0.25163195456544013,0.0027651940772196355,0.00015964855448443151,0.0,0.0,0.012642971224546036
7,0.2,0.05,0.2097915434654051,stressed,no_resilience_reserve,-0.5719861056457973,0.003063522821727611,0.0001768725725792998,1.0,0.9873570287754538,0.9999999999999998
7,0.2,0.05,0.2097915434654051,stressed,pqc_consensus_only,0.1444591255479505,0.0020977214923791642,0.00012111200683099739,0.0,0.0,0.012642971224546036
7,0.2,0.05,0.2097915434654051,stressed,qkd_only,0.7451381210756645,0.0026716310178639827,0.0001542466887339124,0.0,0.0,0.012642971224546036
7,0.2,0.05,0.2097915434654051,stressed,static_threshold,0.2203068455650436,0.002277370827439557,0.0001314840660266829,0.0,0.0,0.012642971224546036
8,0.25,0.01,0.15082687134040199,boundary,full,0.020027190694942548,0.003428161530624043,0.00019792499825313105,0.0,0.0,0.012642971224546036
8,0.25,0.01,0.15082687134040199,boundary,memoryless,0.005950277706732511,0.011123037460783488,0.0006421888672189638,0.58,0.5234831499847111,0.6344939746193615
8,0.25,0.01,0.15082687134040199,boundary,no_consensus_risk,0.6452430737309733,0.0028747745575586387,0.00016597518646659673,0.0,0.0,0.012642971224546036
8,0.25,0.01,0.15082687134040199,boundary,no_crypto_risk,0.150894371982761,0.0029929432212660776,0.00017279765744672353,0.0,0.0,0.012642971224546036
8,0.25,0.01,0.15082687134040199,boundary,no_cumulative_stress,0.03961198417757473,0.0034570315098923477,0.00019959180728333653,0.0,0.0,0.012642971224546036
8,0.25,0.01,0.15082687134040199,boundary,no_operational_cost,0.0653590451579202,0.003501050472871856,0.00020213324329590326,0.0,0.0,0.012642971224546036
8,0.25,0.01,0.15082687134040199,boundary,no_quantum_risk,0.24733683756696678,0.0026474789919916724,0.0001528522708700271,0.0,0.0,0.012642971224546036
8,0.25,0.01,0.15082687134040199,boundary,no_resilience_reserve,-0.5095631035708204,0.003118300485567291,0.0001800351624756416,1.0,0.9873570287754538,0.9999999999999998
8,0.25,0.01,0.15082687134040199,boundary,pqc_consensus_only,0.13106662539211417,0.002211762191308974,0.00012769614965356724,0.0,0.0,0.012642971224546036
8,0.25,0.01,0.15082687134040199,boundary,qkd_only,0.8215714339613388,0.002596521859735646,0.0001499102594675123,0.0,0.0,0.012642971224546036
8,0.25,0.01,0.15082687134040199,boundary,static_threshold,0.2926216678411524,0.0022536425434443617,0.0001301141129114795,0.0,0.0,0.012642971224546036
8,0.25,0.01,0.11082687134040198,buffered,full,0.08775744585698729,0.003206687905374736,0.0001851382125375221,0.0,0.0,0.012642971224546036
8,0.25,0.01,0.11082687134040198,buffered,memoryless,0.07541269198139275,0.011728472565693574,0.0006771436792986325,0.0,0.0,0.012642971224546036
8,0.25,0.01,0.11082687134040198,buffered,no_consensus_risk,0.7129792815144255,0.0028728618537141853,0.0001658647564586492,0.0,0.0,0.012642971224546036
8,0.25,0.01,0.11082687134040198,buffered,no_crypto_risk,0.21078258322223614,0.0031337834978757174,0.00018092907460805522,0.0,0.0,0.012642971224546036
8,0.25,0.01,0.11082687134040198,buffered,no_cumulative_stress,0.10602686458760396,0.0035030230489382997,0.00020224713002819908,0.0,0.0,0.012642971224546036
8,0.25,0.01,0.11082687134040198,buffered,no_operational_cost,0.13129748766664442,0.0034752997593425813,0.00020064652515710808,0.0,0.0,0.012642971224546036
8,0.25,0.01,0.11082687134040198,buffered,no_quantum_risk,0.2659411877308866,0.0024446611061251524,0.0001411425747698765,0.0,0.0,0.012642971224546036
8,0.25,0.01,0.11082687134040198,buffered,no_resilience_reserve,-0.44911777234724315,0.0030795529445182684,0.00017779807215013266,1.0,0.9873570287754538,0.9999999999999998
8,0.25,0.01,0.11082687134040198,buffered,pqc_consensus_only,0.13930006263527836,0.002208776033908672,0.00012752374377567657,0.0,0.0,0.012642971224546036
8,0.25,0.01,0.11082687134040198,buffered,qkd_only,0.8792957721167155,0.002677765019345673,0.00015460083547457875,0.0,0.0,0.012642971224546036
8,0.25,0.01,0.11082687134040198,buffered,static_threshold,0.34206053240366835,0.0022373811746772437,0.00012917526234797075,0.0,0.0,0.012642971224546036
8,0.25,0.01,0.190826871340402,stressed,full,-0.04835795009420009,0.00337899072910638,0.0001950861207038818,1.0,0.9873570287754538,0.9999999999999998
8,0.25,0.01,0.190826871340402,stressed,memoryless,-0.061812006040926404,0.01077768893481637,0.0006222501607758282,1.0,0.9873570287754538,0.9999999999999998
8,0.25,0.01,0.190826871340402,stressed,no_consensus_risk,0.5770110352523394,0.0028743220155586094,0.00016594905894204307,0.0,0.0,0.012642971224546036
8,0.25,0.01,0.190826871340402,stressed,no_crypto_risk,0.09085021231733802,0.0033175779683058413,0.0001915404533058949,0.0,0.0,0.012642971224546036
8,0.25,0.01,0.190826871340402,stressed,no_cumulative_stress,-0.02670629213226127,0.003514265568125054,0.00020289621717608329,1.0,0.9873570287754538,0.9999999999999998
8,0.25,0.01,0.190826871340402,stressed,no_operational_cost,-0.0006711701163057988,0.0034363460685743323,0.00019839753277201027,0.6033333333333334,0.5470046178899679,0.6570491680569592
8,0.25,0.01,0.190826871340402,stressed,no_quantum_risk,0.22844950294903554,0.0023553903526692763,0.0001359885254160254,0.0,0.0,0.012642971224546036
8,0.25,0.01,0.190826871340402,stressed,no_resilience_reserve,-0.5685862320115809,0.003058016928791083,0.00017655468970239642,1.0,0.9873570287754538,0.9999999999999998
8,0.25,0.01,0.190826871340402,stressed,pqc_consensus_only,0.1231453820719246,0.002025577606233154,0.00011694677762231891,0.0,0.0,0.012642971224546036
8,0.25,0.01,0.190826871340402,stressed,qkd_only,0.763918250486684,0.0027096206320597204,0.00015644002013214434,0.0,0.0,0.012642971224546036
8,0.25,0.01,0.190826871340402,stressed,static_threshold,0.24319275341640909,0.0021590435894447988,0.00012465243975580902,0.0,0.0,0.012642971224546036
9,0.25,0.02,0.13636005366426296,boundary,full,0.019673074975200565,0.003276991258021268,0.0001891971784950629,0.0,0.0,0.012642971224546036
9,0.25,0.02,0.13636005366426296,boundary,memoryless,0.0072607111887024785,0.011016087920476739,0.000636014132630383,0.5666666666666667,0.5100989219821965,0.6215486818545306
9,0.25,0.02,0.13636005366426296,boundary,no_consensus_risk,0.6652216928211777,0.002840955871758138,0.00016402266373154086,0.0,0.0,0.012642971224546036
9,0.25,0.02,0.13636005366426296,boundary,no_crypto_risk,0.1478820733286006,0.003286570959220627,0.00018975026280168352,0.0,0.0,0.012642971224546036
9,0.25,0.02,0.13636005366426296,boundary,no_cumulative_stress,0.03916638604935553,0.0034091285764451594,0.00019682613013126583,0.0,0.0,0.012642971224546036
9,0.25,0.02,0.13636005366426296,boundary,no_operational_cost,0.06590374417104543,0.0032935960461471874,0.00019015585638449656,0.0,0.0,0.012642971224546036
9,0.25,0.02,0.13636005366426296,boundary,no_quantum_risk,0.22945704300289654,0.0025937171688559793,0.00014974833056407536,0.0,0.0,0.012642971224546036
9,0.25,0.02,0.13636005366426296,boundary,no_resilience_reserve,-0.5095446281877422,0.0033667927854280134,0.00019438187209725534,1.0,0.9873570287754538,0.9999999999999998
9,0.25,0.02,0.13636005366426296,boundary,pqc_consensus_only,0.1135140466078829,0.002282578813833105,0.00013178474926130797,0.0,0.0,0.012642971224546036
9,0.25,0.02,0.13636005366426296,boundary,qkd_only,0.8395512073396237,0.002563619647962639,0.0001480106493851043,0.0,0.0,0.012642971224546036
9,0.25,0.02,0.13636005366426296,boundary,static_threshold,0.31013719815981405,0.002275887824552806,0.00013139844481509542,0.0,0.0,0.012642971224546036
9,0.25,0.02,0.09636005366426295,buffered,full,0.08768398557242567,0.0032963380341025313,0.0001903141651329098,0.0,0.0,0.012642971224546036
9,0.25,0.02,0.09636005366426295,buffered,memoryless,0.07417425434147591,0.010647006848895291,0.0006147052270273485,0.0,0.0,0.012642971224546036
9,0.25,0.02,0.09636005366426295,buffered,no_consensus_risk,0.7334291646660945,0.00287998036701188,0.0001662757440155146,0.0,0.0,0.012642971224546036
9,0.25,0.02,0.09636005366426295,buffered,no_crypto_risk,0.2077895392344855,0.003244436196474587,0.00018731761114031682,0.0,0.0,0.012642971224546036
9,0.25,0.02,0.09636005366426295,buffered,no_cumulative_stress,0.10589207227002405,0.0032767859590579177,0.00018918532555388745,0.0,0.0,0.012642971224546036
9,0.25,0.02,0.09636005366426295,buffered,no_operational_cost,0.13157019340693532,0.0034017624581819794,0.00019640084709505285,0.0,0.0,0.012642971224546036
9,0.25,0.02,0.09636005366426295,buffered,no_quantum_risk,0.24805083303799344,0.0026414290667734026,0.0001525029782746926,0.0,0.0,0.012642971224546036
9,0.25,0.02,0.09636005366426295,buffered,no_resilience_reserve,-0.44999265663467897,0.0033293345282793723,0.00019221921861244112,1.0,0.9873570287754538,0.9999999999999998
9,0.25,0.02,0.09636005366426295,buffered,pqc_consensus_only,0.12183142786485822,0.0022400846928791796,0.00012933135004413544,0.0,0.0,0.012642971224546036
9,0.25,0.02,0.09636005366426295,buffered,qkd_only,0.8976318768723037,0.00239148144220236,0.00013807224544175269,0.0,0.0,0.012642971224546036
9,0.25,0.02,0.09636005366426295,buffered,static_threshold,0.3597139320793547,0.002402721520414744,0.00013872119165991593,0.0,0.0,0.012642971224546036
9,0.25,0.02,0.17636005366426297,stressed,full,-0.04830813081393413,0.0033579782537819297,0.00019387296487539065,1.0,0.9873570287754538,0.9999999999999998
9,0.25,0.02,0.17636005366426297,stressed,memoryless,-0.061183075375775456,0.01050790677588383,0.0006066742805676021,1.0,0.9873570287754538,0.9999999999999998
9,0.25,0.02,0.17636005366426297,stressed,no_consensus_risk,0.5973434177202156,0.002790757125059919,0.000161124437739621,0.0,0.0,0.012642971224546036
9,0.25,0.02,0.17636005366426297,stressed,no_crypto_risk,0.08772976866061266,0.0030522607301501285,0.00017622235541891,0.0,0.0,0.012642971224546036
9,0.25,0.02,0.17636005366426297,stressed,no_cumulative_stress,-0.027411803132147045,0.0033876638168865484,0.00019558686166034036,1.0,0.9873570287754538,0.9999999999999998
9,0.25,0.02,0.17636005366426297,stressed,no_operational_cost,-0.00048684666580460105,0.003398588494373292,0.0001962175982091185,0.5566666666666666,0.5000873808268701,0.6118130824343481
9,0.25,0.02,0.17636005366426297,stressed,no_quantum_risk,0.21043654949757998,0.0027009629980005692,0.00015594017139668472,0.0,0.0,0.012642971224546036
9,0.25,0.02,0.17636005366426297,stressed,no_resilience_reserve,-0.5693859522716982,0.003115274582545314,0.0001798604618832136,1.0,0.9873570287754538,0.9999999999999998
9,0.25,0.02,0.17636005366426297,stressed,pqc_consensus_only,0.10564130643948771,0.0020005212278817117,0.00011550014694370668,0.0,0.0,0.012642971224546036
9,0.25,0.02,0.17636005366426297,stressed,qkd_only,0.7815407607629599,0.00262064109230577,0.00015130278400921312,0.0,0.0,0.012642971224546036
9,0.25,0.02,0.17636005366426297,stressed,static_threshold,0.260481618305603,0.002193215258634562,0.0001266253419963459,0.0,0.0,0.012642971224546036
10,0.25,0.03,0.12149077046548958,boundary,full,0.020253804371267847,0.0036054446446786106,0.00020816044361534903,0.0,0.0,0.012642971224546036
10,0.25,0.03,0.12149077046548958,boundary,memoryless,0.006268550853463292,0.010252623714771468,0.0005919355061623248,0.5533333333333333,0.496755238029873,0.6085628450395089
10,0.25,0.03,0.12149077046548958,boundary,no_consensus_risk,0.6860964476238752,0.0030526365377235177,0.000176244052679276,0.0,0.0,0.012642971224546036
10,0.25,0.03,0.12149077046548958,boundary,no_crypto_risk,0.14522961755398184,0.0032526035536753627,0.00018778915372816038,0.0,0.0,0.012642971224546036
10,0.25,0.03,0.12149077046548958,boundary,no_cumulative_stress,0.039448495417008074,0.003371810352978683,0.00019467156149486096,0.0,0.0,0.012642971224546036
10,0.25,0.03,0.12149077046548958,boundary,no_operational_cost,0.0668365881286875,0.0034480093497668307,0.0001990709126256226,0.0,0.0,0.012642971224546036
10,0.25,0.03,0.12149077046548958,boundary,no_quantum_risk,0.21153582930477874,0.0026867358488576296,0.000155118766557937,0.0,0.0,0.012642971224546036
10,0.25,0.03,0.12149077046548958,boundary,no_resilience_reserve,-0.5097574357483684,0.0030805366901706173,0.00017785486873185245,1.0,0.9873570287754538,0.9999999999999998
10,0.25,0.03,0.12149077046548958,boundary,pqc_consensus_only,0.096395964323305,0.0021868537732294487,0.00012625806146523708,0.0,0.0,0.012642971224546036
10,0.25,0.03,0.12149077046548958,boundary,qkd_only,0.8581688780314459,0.0026800795692928244,0.00015473446607808283,0.0,0.0,0.012642971224546036
10,0.25,0.03,0.12149077046548958,boundary,static_threshold,0.32837433043500863,0.0023933196166308485,0.0001381783724918632,0.0,0.0,0.012642971224546036
10,0.25,0.03,0.08149077046548958,buffered,full,0.0885442250766539,0.0033649009312040987,0.00019427264584271085,0.0,0.0,0.012642971224546036
10,0.25,0.03,0.08149077046548958,buffered,memoryless,0.07481345968979546,0.010966581351384536,0.0006331558695311791,0.0,0.0,0.012642971224546036
10,0.25,0.03,0.08149077046548958,buffered,no_consensus_risk,0.7541931287359392,0.002878014744527752,0.00016616225874848095,0.0,0.0,0.012642971224546036
10,0.25,0.03,0.08149077046548958,buffered,no_crypto_risk,0.20507484185195007,0.002982436900593424,0.00017219107473986862,0.0,0.0,0.012642971224546036
10,0.25,0.03,0.08149077046548958,buffered,no_cumulative_stress,0.10582617474705706,0.003386105056845015,0.00019549686660738224,0.0,0.0,0.012642971224546036
10,0.25,0.03,0.08149077046548958,buffered,no_operational_cost,0.13307817226374175,0.003458436114701464,0.00019967290217980135,0.0,0.0,0.012642971224546036
10,0.25,0.03,0.08149077046548958,buffered,no_quantum_risk,0.23061878585224035,0.0027679210654645244,0.00015980599722415788,0.0,0.0,0.012642971224546036
10,0.25,0.03,0.08149077046548958,buffered,no_resilience_reserve,-0.44954536026254305,0.003233161506468057,0.00018666666660928686,1.0,0.9873570287754538,0.9999999999999998
10,0.25,0.03,0.08149077046548958,buffered,pqc_consensus_only,0.1046932538361742,0.0022240742947035467,0.00012840698927448196,0.0,0.0,0.012642971224546036
10,0.25,0.03,0.08149077046548958,buffered,qkd_only,0.9160150663465364,0.002751745214819931,0.00015887208405175515,0.0,0.0,0.012642971224546036
10,0.25,0.03,0.08149077046548958,buffered,static_threshold,0.3778628693788924,0.0024357488781474907,0.00014062802704767826,0.0,0.0,0.012642971224546036
10,0.25,0.03,0.16149077046548957,stressed,full,-0.0480768091162897,0.0034280492464195717,0.00019791851552156332,1.0,0.9873570287754538,0.9999999999999998
10,0.25,0.03,0.16149077046548957,stressed,memoryless,-0.06226554538979427,0.010668884863297727,0.0006159683547778066,1.0,0.9873570287754538,0.9999999999999998
10,0.25,0.03,0.16149077046548957,stressed,no_consensus_risk,0.6180586032520949,0.002976157083228596,0.00017182850931526413,0.0,0.0,0.012642971224546036
10,0.25,0.03,0.16149077046548957,stressed,no_crypto_risk,0.08535052513929539,0.0032737255106801153,0.00018900863048441094,0.0,0.0,0.012642971224546036
10,0.25,0.03,0.16149077046548957,stressed,no_cumulative_stress,-0.027174742854830836,0.003480051956511867,0.00020092089338860102,1.0,0.9873570287754538,0.9999999999999998
10,0.25,0.03,0.16149077046548957,stressed,no_operational_cost,0.0008671655952965675,0.003406889215953091,0.000196696840592975,0.43,0.3752111767337645,0.48655883923767185
10,0.25,0.03,0.16149077046548957,stressed,no_quantum_risk,0.19305915016764674,0.002583811564436703,0.00014917643022627986,0.0,0.0,0.012642971224546036
10,0.25,0.03,0.16149077046548957,stressed,no_resilience_reserve,-0.5692658950485748,0.0032223359790760856,0.00018604165449389941,1.0,0.9873570287754538,0.9999999999999998
10,0.25,0.03,0.16149077046548957,stressed,pqc_consensus_only,0.08825797074997303,0.0019779880371505318,0.00011419919257027188,0.0,0.0,0.012642971224546036
10,0.25,0.03,0.16149077046548957,stressed,qkd_only,0.8002954362549343,0.002402300035307765,0.00013869685720591855,0.0,0.0,0.012642971224546036
10,0.25,0.03,0.16149077046548957,stressed,static_threshold,0.2789546046113948,0.0022324663517993403,0.00012889150491681307,0.0,0.0,0.012642971224546036
11,0.25,0.05,0.09240660112359551,boundary,full,0.019876080905837815,0.00347185644238515,0.00020044772515988025,0.0,0.0,0.012642971224546036
11,0.25,0.05,0.09240660112359551,boundary,memoryless,0.006497768247252891,0.010845124090723347,0.0006261435313174019,0.6,0.5436365963411878,0.653834809413903
11,0.25,0.05,0.09240660112359551,boundary,no_consensus_risk,0.7270028469154172,0.002828812891202376,0.00016332158842227753,0.0,0.0,0.012642971224546036
11,0.25,0.05,0.09240660112359551,boundary,no_crypto_risk,0.13919957262588023,0.003140639260374626,0.00018132489224047973,0.0,0.0,0.012642971224546036
11,0.25,0.05,0.09240660112359551,boundary,no_cumulative_stress,0.0389162157717348,0.0032261704251114955,0.0001862630363389731,0.0,0.0,0.012642971224546036
11,0.25,0.05,0.09240660112359551,boundary,no_operational_cost,0.0686366422711128,0.003673336096319255,0.00021208015840338905,0.0,0.0,0.012642971224546036
11,0.25,0.05,0.09240660112359551,boundary,no_quantum_risk,0.17610680901591946,0.0026243292205278814,0.0001515157181913973,0.0,0.0,0.012642971224546036
11,0.25,0.05,0.09240660112359551,boundary,no_resilience_reserve,-0.510718657654553,0.0032801040576210055,0.0001893768960637471,1.0,0.9873570287754538,0.9999999999999998
11,0.25,0.05,0.09240660112359551,boundary,pqc_consensus_only,0.06142352301501911,0.0020373679791018335,0.00011762749511727673,0.0,0.0,0.012642971224546036
11,0.25,0.05,0.09240660112359551,boundary,qkd_only,0.89473907472002,0.002637146137514585,0.00015225570323864273,0.0,0.0,0.012642971224546036
11,0.25,0.05,0.09240660112359551,boundary,static_threshold,0.3640345947927455,0.002121347063587913,0.00012247602982071038,0.0,0.0,0.012642971224546036
11,0.25,0.05,0.05240660112359551,buffered,full,0.08820656800995018,0.0035813420238782487,0.00020676887815462258,0.0,0.0,0.012642971224546036
11,0.25,0.05,0.05240660112359551,buffered,memoryless,0.07505710808706377,0.009987349292525113,0.0005766198802530192,0.0,0.0,0.012642971224546036
11,0.25,0.05,0.05240660112359551,buffered,no_consensus_risk,0.7952668324114559,0.002816840579823157,0.00016263036670251612,0.0,0.0,0.012642971224546036
11,0.25,0.05,0.05240660112359551,buffered,no_crypto_risk,0.19933463061977016,0.003200326527704659,0.0001847709382264985,0.0,0.0,0.012642971224546036
11,0.25,0.05,0.05240660112359551,buffered,no_cumulative_stress,0.10548002642665374,0.0033227567316046324,0.00019183944934435753,0.0,0.0,0.012642971224546036
11,0.25,0.05,0.05240660112359551,buffered,no_operational_cost,0.13464505471703084,0.003279311393583868,0.00018933113158422528,0.0,0.0,0.012642971224546036
11,0.25,0.05,0.05240660112359551,buffered,no_quantum_risk,0.1946642163897591,0.002674608612868857,0.00015441860026167259,0.0,0.0,0.012642971224546036
11,0.25,0.05,0.05240660112359551,buffered,no_resilience_reserve,-0.45087716954345597,0.0032181367653703148,0.00018579921277755827,1.0,0.9873570287754538,0.9999999999999998
11,0.25,0.05,0.05240660112359551,buffered,pqc_consensus_only,0.06940739100315906,0.0021143948017996995,0.00012207464079922017,0.0,0.0,0.012642971224546036
11,0.25,0.05,0.05240660112359551,buffered,qkd_only,0.952454670946391,0.0026707591548584164,0.0001541963516998164,0.0,0.0,0.012642971224546036
11,0.25,0.05,0.05240660112359551,buffered,static_threshold,0.4134980455057307,0.0021370818948424674,0.0001233844807267574,0.0,0.0,0.012642971224546036
11,0.25,0.05,0.1324066011235955,stressed,full,-0.04808609120627499,0.0034094582189124014,0.00019684516204798567,1.0,0.9873570287754538,0.9999999999999998
11,0.25,0.05,0.1324066011235955,stressed,memoryless,-0.062013069314827786,0.010529523281588111,0.0006079223101063328,1.0,0.9873570287754538,0.9999999999999998
11,0.25,0.05,0.1324066011235955,stressed,no_consensus_risk,0.6586564402468791,0.00296413873259853,0.00017113462951811573,0.0,0.0,0.012642971224546036
11,0.25,0.05,0.1324066011235955,stressed,no_crypto_risk,0.07923632952175359,0.0031698334395893904,0.00018301041896332117,0.0,0.0,0.012642971224546036
11,0.25,0.05,0.1324066011235955,stressed,no_cumulative_stress,-0.027594107650812022,0.0034798930872514907,0.0002009117210675766,1.0,0.9873570287754538,0.9999999999999998
11,0.25,0.05,0.1324066011235955,stressed,no_operational_cost,0.002271498104696607,0.0032450915664621635,0.00018735544894419142,0.26,0.21362060325993487,0.3124480229278472
11,0.25,0.05,0.1324066011235955,stressed,no_quantum_risk,0.15732803478719376,0.0025093111609104796,0.00014487514742321975,0.0,0.0,0.012642971224546036
11,0.25,0.05,0.1324066011235955,stressed,no_resilience_reserve,-0.5700205111636336,0.003165156969239235,0.00018274042282176922,1.0,0.9873570287754538,0.9999999999999998
11,0.25,0.05,0.1324066011235955,stressed,pqc_consensus_only,0.05327109665763265,0.0020195074056516193,0.00011659631442834051,0.0,0.0,0.012642971224546036
11,0.25,0.05,0.1324066011235955,stressed,qkd_only,0.8367459412717888,0.002854273087285997,0.00016479153352852744,0.0,0.0,0.012642971224546036
11,0.25,0.05,0.1324066011235955,stressed,static_threshold,0.31428047192194963,0.0023646786457038474,0.0001365247852644076,0.0,0.0,0.012642971224546036
12,0.3,0.01,0.07334664116662683,boundary,full,0.019850621064729488,0.003285394276201957,0.00018968232697592555,0.0,0.0,0.012642971224546036
12,0.3,0.01,0.07334664116662683,boundary,memoryless,0.00601312040863013,0.010206299354985529,0.0005892609680030798,0.6533333333333333,0.5978480299293977,0.7049414588950748
12,0.3,0.01,0.07334664116662683,boundary,no_consensus_risk,0.7353205711737202,0.0030177183990653706,0.0001742280530038878,0.0,0.0,0.012642971224546036
12,0.3,0.01,0.07334664116662683,boundary,no_crypto_risk,0.152010630336919,0.003354788040694456,0.00019368877783690813,0.0,0.0,0.012642971224546036
12,0.3,0.01,0.07334664116662683,boundary,no_cumulative_stress,0.03830928636009794,0.0034092752039010655,0.00019683459567137963,0.0,0.0,0.012642971224546036
12,0.3,0.01,0.07334664116662683,boundary,no_operational_cost,0.06588384391433615,0.003597280772669897,0.00020768910224516296,0.0,0.0,0.012642971224546036
12,0.3,0.01,0.07334664116662683,boundary,no_quantum_risk,0.15325003140816923,0.0024171121755549676,0.00013955203652181824,0.0,0.0,0.012642971224546036
12,0.3,0.01,0.07334664116662683,boundary,no_resilience_reserve,-0.5071856382537347,0.0031322599056797544,0.00018084110997160777,1.0,0.9873570287754538,0.9999999999999998
12,0.3,0.01,0.07334664116662683,boundary,pqc_consensus_only,0.04012285116512766,0.0024234186416432356,0.0001399161405111879,0.0,0.0,0.012642971224546036
12,0.3,0.01,0.07334664116662683,boundary,qkd_only,0.9133941633472926,0.0027806829166828924,0.00016054280304778616,0.0,0.0,0.012642971224546036
12,0.3,0.01,0.07334664116662683,boundary,static_threshold,0.386399451710667,0.0022856751146379133,0.0001319635142716228,0.0,0.0,0.012642971224546036
12,0.3,0.01,0.03334664116662683,buffered,full,0.0876081039616069,0.0033230833358483852,0.00019185830584916245,0.0,0.0,0.012642971224546036
12,0.3,0.01,0.03334664116662683,buffered,memoryless,0.07335061317177126,0.011331449404675292,0.0006542215364097904,0.0,0.0,0.012642971224546036
12,0.3,0.01,0.03334664116662683,buffered,no_consensus_risk,0.8029389346175387,0.002857099307018485,0.00016495470540086154,0.0,0.0,0.012642971224546036
12,0.3,0.01,0.03334664116662683,buffered,no_crypto_risk,0.21209590816026827,0.0032828460694192528,0.00018953520618873103,0.0,0.0,0.012642971224546036
12,0.3,0.01,0.03334664116662683,buffered,no_cumulative_stress,0.10500730315925175,0.003252358666680273,0.00018777501517090676,0.0,0.0,0.012642971224546036
12,0.3,0.01,0.03334664116662683,buffered,no_operational_cost,0.13192460796443284,0.0032446188850474207,0.00018732815866998715,0.0,0.0,0.012642971224546036
12,0.3,0.01,0.03334664116662683,buffered,no_quantum_risk,0.17184721971982114,0.0027130040967829785,0.000156635364559021,0.0,0.0,0.012642971224546036
12,0.3,0.01,0.03334664116662683,buffered,no_resilience_reserve,-0.447362931848045,0.0031958302304160796,0.0001845113443815067,1.0,0.9873570287754538,0.9999999999999998
12,0.3,0.01,0.03334664116662683,buffered,pqc_consensus_only,0.04788657489573749,0.0021833419451121818,0.00012605530597435192,0.0,0.0,0.012642971224546036
12,0.3,0.01,0.03334664116662683,buffered,qkd_only,0.9711620095260853,0.0024939997946653207,0.00014399114528088942,0.0,0.0,0.012642971224546036
12,0.3,0.01,0.03334664116662683,buffered,static_threshold,0.43590623279050517,0.0022639216623457515,0.00013070757811795445,0.0,0.0,0.012642971224546036
12,0.3,0.01,0.11334664116662682,stressed,full,-0.04816825338334402,0.0034971704896501025,0.0002019092323601502,1.0,0.9873570287754538,0.9999999999999998
12,0.3,0.01,0.11334664116662682,stressed,memoryless,-0.06179723912050579,0.01074744398692131,0.0006205039678949442,1.0,0.9873570287754538,0.9999999999999998
12,0.3,0.01,0.11334664116662682,stressed,no_consensus_risk,0.6668143076371041,0.0029457964396177078,0.00017007563673911245,0.0,0.0,0.012642971224546036
12,0.3,0.01,0.11334664116662682,stressed,no_crypto_risk,0.09193317577961042,0.003259932717925819,0.000188212303223454,0.0,0.0,0.012642971224546036
12,0.3,0.01,0.11334664116662682,stressed,no_cumulative_stress,-0.02852488183764926,0.00317822799789009,0.00018349507901278486,1.0,0.9873570287754538,0.9999999999999998
12,0.3,0.01,0.11334664116662682,stressed,no_operational_cost,-9.016613420935327e-05,0.0034071586778875547,0.00019671239798501488,0.5333333333333333,0.47681490758540607,0.5890088943329576
12,0.3,0.01,0.11334664116662682,stressed,no_quantum_risk,0.1347336740957276,0.002506788614372818,0.00014472950813096354,0.0,0.0,0.012642971224546036
12,0.3,0.01,0.11334664116662682,stressed,no_resilience_reserve,-0.5667115424570729,0.0030717368119470147,0.00017734680752572917,1.0,0.9873570287754538,0.9999999999999998
12,0.3,0.01,0.11334664116662682,stressed,pqc_consensus_only,0.031990420728617276,0.00224891950791595,0.00012984142832810744,0.0,0.0,0.012642971224546036
12,0.3,0.01,0.11334664116662682,stressed,qkd_only,0.8552493861903906,0.002618733417490538,0.00015119264435240306,0.0,0.0,0.012642971224546036
12,0.3,0.01,0.11334664116662682,stressed,static_threshold,0.33725298048814617,0.002230444231388886,0.00012877475774048213,0.0,0.0,0.012642971224546036
13,0.3,0.02,0.05889124443502226,boundary,full,0.01954506294197376,0.003498266166931995,0.00020197249131751475,0.0,0.0,0.012642971224546036
13,0.3,0.02,0.05889124443502226,boundary,memoryless,0.005778858431425874,0.010883795972004395,0.0006283762534241701,0.62,0.5638844388564824,0.6730812480496265
13,0.3,0.02,0.05889124443502226,boundary,no_consensus_risk,0.7548669323121516,0.0029219594190963423,0.00016869940571764356,0.0,0.0,0.012642971224546036
13,0.3,0.02,0.05889124443502226,boundary,no_crypto_risk,0.1489150458145501,0.003241337451132296,0.00018713870499456462,0.0,0.0,0.012642971224546036
13,0.3,0.02,0.05889124443502226,boundary,no_cumulative_stress,0.037840845444374646,0.003165613570319156,0.00018276678469740968,0.0,0.0,0.012642971224546036
13,0.3,0.02,0.05889124443502226,boundary,no_operational_cost,0.06642643009751796,0.003556008649793227,0.0002053062551198757,0.0,0.0,0.012642971224546036
13,0.3,0.02,0.05889124443502226,boundary,no_quantum_risk,0.13513129995351061,0.002480167288210661,0.00014319252514837291,0.0,0.0,0.012642971224546036
13,0.3,0.02,0.05889124443502226,boundary,no_resilience_reserve,-0.5073056032723662,0.003122084834811896,0.00018025365198114963,1.0,0.9873570287754538,0.9999999999999998
13,0.3,0.02,0.05889124443502226,boundary,pqc_consensus_only,0.02253342473606088,0.002139031704974687,0.00012349705306722797,0.0,0.0,0.012642971224546036
13,0.3,0.02,0.05889124443502226,boundary,qkd_only,0.9313722475666001,0.002667283874828009,0.0001539957063137099,0.0,0.0,0.012642971224546036
13,0.3,0.02,0.05889124443502226,boundary,static_threshold,0.404328355293849,0.0023075010989265067,0.00013322363806205758,0.0,0.0,0.012642971224546036
13,0.3,0.02,0.018891244435022256,buffered,full,0.08773674186147737,0.003626707319885377,0.00020938804474078085,0.0,0.0,0.012642971224546036
13,0.3,0.02,0.018891244435022256,buffered,memoryless,0.07320814320261748,0.010335547124136793,0.0005967230914342439,0.0,0.0,0.012642971224546036
13,0.3,0.02,0.018891244435022256,buffered,no_consensus_risk,0.8232846285105297,0.002810534959422322,0.00016226631153893313,0.0,0.0,0.012642971224546036
13,0.3,0.02,0.018891244435022256,buffered,no_crypto_risk,0.2091272520717316,0.003471989537884982,0.00020045540943214587,0.0,0.0,0.012642971224546036
13,0.3,0.02,0.018891244435022256,buffered,no_cumulative_stress,0.10452457751859504,0.003191786227369281,0.00018427786375673942,0.0,0.0,0.012642971224546036
13,0.3,0.02,0.018891244435022256,buffered,no_operational_cost,0.13249644522033677,0.0032414383053274765,0.00018714452781423826,0.0,0.0,0.012642971224546036
13,0.3,0.02,0.018891244435022256,buffered,no_quantum_risk,0.15407644597042064,0.0026586476471749114,0.00015349709347768002,0.0,0.0,0.012642971224546036
13,0.3,0.02,0.018891244435022256,buffered,no_resilience_reserve,-0.44799093285748515,0.0033318915958243157,0.00019236685097598203,1.0,0.9873570287754538,0.9999999999999998
13,0.3,0.02,0.018891244435022256,buffered,pqc_consensus_only,0.03060040065331961,0.0020758540022793913,0.00011984948670143685,0.0,0.0,0.012642971224546036
13,0.3,0.02,0.018891244435022256,buffered,qkd_only,0.9891463755869426,0.002679583430877658,0.00015470582151332765,0.0,0.0,0.012642971224546036
13,0.3,0.02,0.018891244435022256,buffered,static_threshold,0.4536916962333273,0.0021214866133201318,0.00012248408672825654,0.0,0.0,0.012642971224546036
13,0.3,0.02,0.09889124443502226,stressed,full,-0.048354340935827175,0.0035981815998237915,0.00020774111152514242,1.0,0.9873570287754538,0.9999999999999998
13,0.3,0.02,0.09889124443502226,stressed,memoryless,-0.061734612755912605,0.010482981091875601,0.0006052351955304134,1.0,0.9873570287754538,0.9999999999999998
13,0.3,0.02,0.09889124443502226,stressed,no_consensus_risk,0.6869174171165628,0.002543454879580809,0.0001468464359397647,0.0,0.0,0.012642971224546036
13,0.3,0.02,0.09889124443502226,stressed,no_crypto_risk,0.08869352650437953,0.003371677940060489,0.0001946639166314646,0.0,0.0,0.012642971224546036
13,0.3,0.02,0.09889124443502226,stressed,no_cumulative_stress,-0.028550272858242114,0.0033855989784095566,0.00019546764815528794,1.0,0.9873570287754538,0.9999999999999998
13,0.3,0.02,0.09889124443502226,stressed,no_operational_cost,0.0003266749714353136,0.0031751346972656337,0.00018331648721796345,0.49333333333333335,0.43720207035328285,0.5496331692630444
13,0.3,0.02,0.09889124443502226,stressed,no_quantum_risk,0.11639226055463212,0.0024312478962030793,0.0001403681627339559,0.0,0.0,0.012642971224546036
13,0.3,0.02,0.09889124443502226,stressed,no_resilience_reserve,-0.5673964017159437,0.003196123476229854,0.00018452827493645885,1.0,0.9873570287754538,0.9999999999999998
13,0.3,0.02,0.09889124443502226,stressed,pqc_consensus_only,0.014334383901931499,0.0019689246007271286,0.0001136759148243884,0.0,0.0,0.012642971224546036
13,0.3,0.02,0.09889124443502226,stressed,qkd_only,0.873538655148501,0.002527066248945701,0.00014590023790888183,0.0,0.0,0.012642971224546036
13,0.3,0.02,0.09889124443502226,stressed,static_threshold,0.35493392190445583,0.0023402771662877574,0.0001351159651934571,0.0,0.0,0.012642971224546036
14,0.3,0.03,0.043894931867081044,boundary,full,0.020007198655009446,0.0037586658764695905,0.00021700667555735786,0.0,0.0,0.012642971224546036
14,0.3,0.03,0.043894931867081044,boundary,memoryless,0.007017960995012302,0.010799040447005406,0.0006234828909068227,0.5833333333333334,0.5268355964602695,0.6377239083356395
14,0.3,0.03,0.043894931867081044,boundary,no_consensus_risk,0.7760329149509556,0.002962549111854035,0.00017104285272164136,0.0,0.0,0.012642971224546036
14,0.3,0.03,0.043894931867081044,boundary,no_crypto_risk,0.1466889388320302,0.0029982646359975073,0.0001731048894694896,0.0,0.0,0.012642971224546036
14,0.3,0.03,0.043894931867081044,boundary,no_cumulative_stress,0.038539953053097466,0.0033877099823647,0.00019558952702546418,0.0,0.0,0.012642971224546036
14,0.3,0.03,0.043894931867081044,boundary,no_operational_cost,0.06793612482424635,0.0030520800960401042,0.00017621192650370528,0.0,0.0,0.012642971224546036
14,0.3,0.03,0.043894931867081044,boundary,no_quantum_risk,0.11777158619812672,0.0026646936997547564,0.00015384616248613082,0.0,0.0,0.012642971224546036
14,0.3,0.03,0.043894931867081044,boundary,no_resilience_reserve,-0.5075792022966955,0.003060324460775277,0.00017668791512362024,1.0,0.9873570287754538,0.9999999999999998
14,0.3,0.03,0.043894931867081044,boundary,pqc_consensus_only,0.005121685850131763,0.002157972228522865,0.00012459058470414125,0.006666666666666667,0.0018301483579117855,0.023977583250306973
14,0.3,0.03,0.043894931867081044,boundary,qkd_only,0.9501622538065385,0.002509089851333562,0.000144862370108839,0.0,0.0,0.012642971224546036
14,0.3,0.03,0.043894931867081044,boundary,static_threshold,0.4224391367329274,0.002244542954806363,0.00012958874791651315,0.0,0.0,0.012642971224546036
14,0.3,0.03,0.005,buffered,full,0.08636414415544534,0.0033876321917692244,0.00019558503578334034,0.0,0.0,0.012642971224546036
14,0.3,0.03,0.005,buffered,memoryless,0.07146283491540587,0.010169178467858241,0.00058711779258553,0.0,0.0,0.012642971224546036
14,0.3,0.03,0.005,buffered,no_consensus_risk,0.8426825906175924,0.0025917039055292274,0.00014963209475171038,0.0,0.0,0.012642971224546036
14,0.3,0.03,0.005,buffered,no_crypto_risk,0.2050342118058245,0.0032672441752455003,0.0001886344304086226,0.0,0.0,0.012642971224546036
14,0.3,0.03,0.005,buffered,no_cumulative_stress,0.1030522480738251,0.0034172776517626055,0.00019729661721408322,0.0,0.0,0.012642971224546036
14,0.3,0.03,0.005,buffered,no_operational_cost,0.13235347932544317,0.0035364324368733773,0.00020417602193997683,0.0,0.0,0.012642971224546036
14,0.3,0.03,0.005,buffered,no_quantum_risk,0.13575256097252875,0.0025951890968157532,0.00014983331236445569,0.0,0.0,0.012642971224546036
14,0.3,0.03,0.005,buffered,no_resilience_reserve,-0.4491735017841157,0.0032017304773123557,0.00018485199529489173,1.0,0.9873570287754538,0.9999999999999998
14,0.3,0.03,0.005,buffered,pqc_consensus_only,0.012881701547270589,0.002312165962946404,0.00013349296411181965,0.0,0.0,0.012642971224546036
14,0.3,0.03,0.005,buffered,qkd_only,1.0065931272204547,0.0025097241465777266,0.0001448989911618354,0.0,0.0,0.012642971224546036
14,0.3,0.03,0.005,buffered,static_threshold,0.4708502850629878,0.0022975808067636078,0.00013265088972698864,0.0,0.0,0.012642971224546036
14,0.3,0.03,0.08389493186708105,stressed,full,-0.04791889016238569,0.003388503476877048,0.00019563533945249464,1.0,0.9873570287754538,0.9999999999999998
14,0.3,0.03,0.08389493186708105,stressed,memoryless,-0.062136472303206604,0.010290812758749001,0.0005941403516443771,1.0,0.9873570287754538,0.9999999999999998
14,0.3,0.03,0.08389493186708105,stressed,no_consensus_risk,0.7078927270069938,0.002721215220645388,0.00015710943401625217,0.0,0.0,0.012642971224546036
14,0.3,0.03,0.08389493186708105,stressed,no_crypto_risk,0.08674421212648653,0.0033865880243704443,0.00019552475075046386,0.0,0.0,0.012642971224546036
14,0.3,0.03,0.08389493186708105,stressed,no_cumulative_stress,-0.0281085485697255,0.0034872433927273516,0.000201336091152088,1.0,0.9873570287754538,0.9999999999999998
14,0.3,0.03,0.08389493186708105,stressed,no_operational_cost,0.002135896135589989,0.0034847468346143416,0.00020119195230222862,0.2866666666666667,0.23844603884969776,0.3402816288727752
14,0.3,0.03,0.08389493186708105,stressed,no_quantum_risk,0.09899480727927752,0.002456742366803059,0.00014184008668033043,0.0,0.0,0.012642971224546036
14,0.3,0.03,0.08389493186708105,stressed,no_resilience_reserve,-0.5671666445175246,0.0031450047497222403,0.00018157693388547868,1.0,0.9873570287754538,0.9999999999999998
14,0.3,0.03,0.08389493186708105,stressed,pqc_consensus_only,-0.0029331611330388157,0.002181104214461599,0.00012592611053500313,0.9333333333333333,0.899276940483885,0.9564324844548417
14,0.3,0.03,0.08389493186708105,stressed,qkd_only,0.8920981802684483,0.0026200290765839023,0.00015126744926503624,0.0,0.0,0.012642971224546036
14,0.3,0.03,0.08389493186708105,stressed,static_threshold,0.3729165223667446,0.0021848037201910096,0.0001261397015978775,0.0,0.0,0.012642971224546036
15,0.3,0.05,0.01464870157116882,boundary,full,0.02048381623553576,0.0034226880636596814,0.00019760898749060358,0.0,0.0,0.012642971224546036
15,0.3,0.05,0.01464870157116882,boundary,memoryless,0.0053821467930940696,0.010348672593051769,0.0005974808907353741,0.5766666666666667,0.5201332672229635,0.6312614771892728
15,0.3,0.05,0.01464870157116882,boundary,no_consensus_risk,0.8173387283841652,0.002858169411442564,0.00016501648790859185,0.0,0.0,0.012642971224546036
15,0.3,0.05,0.01464870157116882,boundary,no_crypto_risk,0.14058052609306976,0.0032752086263746092,0.0001890942582089565,0.0,0.0,0.012642971224546036
15,0.3,0.05,0.01464870157116882,boundary,no_cumulative_stress,0.037862342404269105,0.0032877902788962404,0.0001898206602559779,0.0,0.0,0.012642971224546036
15,0.3,0.05,0.01464870157116882,boundary,no_operational_cost,0.06991946817214395,0.003390096357853537,0.00019572730447855094,0.0,0.0,0.012642971224546036
15,0.3,0.05,0.01464870157116882,boundary,no_quantum_risk,0.08249439622750329,0.002585131701736211,0.00014925264838880367,0.0,0.0,0.012642971224546036
15,0.3,0.05,0.01464870157116882,boundary,no_resilience_reserve,-0.5079165978951423,0.003173158754793682,0.000183202406126155,1.0,0.9873570287754538,0.9999999999999998
15,0.3,0.05,0.01464870157116882,boundary,pqc_consensus_only,-0.029707099746147526,0.002280310164353312,0.00013165376872252243,1.0,0.9873570287754538,0.9999999999999998
15,0.3,0.05,0.01464870157116882,boundary,qkd_only,0.9870657659035127,0.0026493877392865716,0.0001529624724464796,0.0,0.0,0.012642971224546036
15,0.3,0.05,0.01464870157116882,boundary,static_threshold,0.458234732365574,0.0021543858831119048,0.00012438352695529878,0.0,0.0,0.012642971224546036
15,0.3,0.05,0.005,buffered,full,0.03701577919523786,0.0033690201869738443,0.0001945104711854632,0.0,0.0,0.012642971224546036
15,0.3,0.05,0.005,buffered,memoryless,0.021520028028658423,0.011186402384776646,0.0006458472428114267,0.03666666666666667,0.02059530516285303,0.06445384817189295
15,0.3,0.05,0.005,buffered,no_consensus_risk,0.8340135967843973,0.0027346937299749887,0.00015788761611522413,0.0,0.0,0.012642971224546036
15,0.3,0.05,0.005,buffered,no_crypto_risk,0.1554784730194621,0.003270698835718409,0.00018883388532402187,0.0,0.0,0.012642971224546036
15,0.3,0.05,0.005,buffered,no_cumulative_stress,0.054327054131849455,0.0034840758047009167,0.0002011532103721136,0.0,0.0,0.012642971224546036
15,0.3,0.05,0.005,buffered,no_operational_cost,0.08545436537927867,0.0033879567326588395,0.00019560377316033857,0.0,0.0,0.012642971224546036
15,0.3,0.05,0.005,buffered,no_quantum_risk,0.08677025387608404,0.0025020646443902166,0.00014445676959685367,0.0,0.0,0.012642971224546036
15,0.3,0.05,0.005,buffered,no_resilience_reserve,-0.4939916273456449,0.0029374127707981978,0.00016959160539413838,1.0,0.9873570287754538,0.9999999999999998
15,0.3,0.05,0.005,buffered,pqc_consensus_only,-0.02766652464358902,0.002020795862009584,0.00011667070349085152,1.0,0.9873570287754538,0.9999999999999998
15,0.3,0.05,0.005,buffered,qkd_only,1.0007815221068157,0.0025581870342846363,0.0001476969972881645,0.0,0.0,0.012642971224546036
15,0.3,0.05,0.005,buffered,static_threshold,0.47003828213836024,0.00227519596080126,0.00013135850004277564,0.0,0.0,0.012642971224546036
15,0.3,0.05,0.05464870157116882,stressed,full,-0.04790164714102185,0.0034126876624036395,0.00019703161405488557,1.0,0.9873570287754538,0.9999999999999998
15,0.3,0.05,0.05464870157116882,stressed,memoryless,-0.06211487364075235,0.010586841533913323,0.0006112315809472767,1.0,0.9873570287754538,0.9999999999999998
15,0.3,0.05,0.05464870157116882,stressed,no_consensus_risk,0.7491733841132199,0.0029271451167524973,0.00016899880211141528,0.0,0.0,0.012642971224546036
15,0.3,0.05,0.05464870157116882,stressed,no_crypto_risk,0.08094014002267828,0.003274062038800203,0.0001890280599444832,0.0,0.0,0.012642971224546036
15,0.3,0.05,0.05464870157116882,stressed,no_cumulative_stress,-0.028545077984548257,0.0032242094905332785,0.00018614982172831344,1.0,0.9873570287754538,0.9999999999999998
15,0.3,0.05,0.05464870157116882,stressed,no_operational_cost,0.0034493312471769824,0.0034038333792458303,0.00019652041177842133,0.17333333333333334,0.13470060049746765,0.22022614070256905
15,0.3,0.05,0.05464870157116882,stressed,no_quantum_risk,0.06327915337103678,0.002558551771293806,0.00014771805538920724,0.0,0.0,0.012642971224546036
15,0.3,0.05,0.05464870157116882,stressed,no_resilience_reserve,-0.5679025412599323,0.0030393265124319434,0.00017547559801077487,1.0,0.9873570287754538,0.9999999999999998
15,0.3,0.05,0.05464870157116882,stressed,pqc_consensus_only,-0.03790478428457747,0.0021167546007736533,0.00012221088385650473,1.0,0.9873570287754538,0.9999999999999998
15,0.3,0.05,0.05464870157116882,stressed,qkd_only,0.9290415596578083,0.0026981335560154786,0.00015577681348750985,0.0,0.0,0.012642971224546036
15,0.3,0.05,0.05464870157116882,stressed,static_threshold,0.40878528253180446,0.002376421148170168,0.0001372027389603966,0.0,0.0,0.012642971224546036
